Date,Visitor,VG,Home,HG
10/7/22,San Jose Sharks,1,Nashville Predators,4
10/8/22,Nashville Predators,3,San Jose Sharks,2
10/11/22,Vegas Golden Knights,4,Los Angeles Kings,3
10/11/22,Tampa Bay Lightning,1,New York Rangers,3
10/12/22,Seattle Kraken,4,Anaheim Ducks,5
10/12/22,Columbus Blue Jackets,1,Carolina Hurricanes,4
10/12/22,Chicago Blackhawks,2,Colorado Avalanche,5
10/12/22,Vancouver Canucks,3,Edmonton Oilers,5
10/12/22,Toronto Maple Leafs,3,Montreal Canadiens,4
10/12/22,Boston Bruins,5,Washington Capitals,2
10/13/22,Ottawa Senators,1,Buffalo Sabres,4
10/13/22,Colorado Avalanche,3,Calgary Flames,5
10/13/22,Seattle Kraken,4,Los Angeles Kings,1
10/13/22,New York Rangers,7,Minnesota Wild,3
10/13/22,Dallas Stars,4,Nashville Predators,1
10/13/22,Florida Panthers,3,New York Islanders,1
10/13/22,New Jersey Devils,2,Philadelphia Flyers,5
10/13/22,Arizona Coyotes,2,Pittsburgh Penguins,6
10/13/22,Washington Capitals,2,Toronto Maple Leafs,3
10/13/22,Chicago Blackhawks,0,Vegas Golden Knights,1
10/14/22,Tampa Bay Lightning,5,Columbus Blue Jackets,2
10/14/22,Montreal Canadiens,0,Detroit Red Wings,3
10/14/22,Carolina Hurricanes,2,San Jose Sharks,1
10/14/22,New York Rangers,1,Winnipeg Jets,4
10/15/22,Arizona Coyotes,3,Boston Bruins,6
10/15/22,Florida Panthers,4,Buffalo Sabres,3
10/15/22,Nashville Predators,1,Dallas Stars,5
10/15/22,Calgary Flames,4,Edmonton Oilers,3
10/15/22,Los Angeles Kings,7,Minnesota Wild,6
10/15/22,Detroit Red Wings,5,New Jersey Devils,2
10/15/22,Anaheim Ducks,1,New York Islanders,7
10/15/22,Vancouver Canucks,2,Philadelphia Flyers,3
10/15/22,Tampa Bay Lightning,2,Pittsburgh Penguins,6
10/15/22,Vegas Golden Knights,5,Seattle Kraken,2
10/15/22,Chicago Blackhawks,5,San Jose Sharks,2
10/15/22,Columbus Blue Jackets,2,St. Louis Blues,5
10/15/22,Ottawa Senators,2,Toronto Maple Leafs,3
10/15/22,Montreal Canadiens,1,Washington Capitals,3
10/17/22,Florida Panthers,3,Boston Bruins,5
10/17/22,Winnipeg Jets,1,Dallas Stars,4
10/17/22,Los Angeles Kings,5,Detroit Red Wings,4
10/17/22,Colorado Avalanche,6,Minnesota Wild,3
10/17/22,Pittsburgh Penguins,2,Montreal Canadiens,3
10/17/22,Anaheim Ducks,4,New York Rangers,6
10/17/22,Carolina Hurricanes,5,Seattle Kraken,1
10/17/22,Arizona Coyotes,4,Toronto Maple Leafs,2
10/17/22,Vancouver Canucks,4,Washington Capitals,6
10/18/22,Vancouver Canucks,3,Columbus Blue Jackets,4
10/18/22,Vegas Golden Knights,2,Calgary Flames,3
10/18/22,Buffalo Sabres,4,Edmonton Oilers,2
10/18/22,Anaheim Ducks,2,New Jersey Devils,4
10/18/22,Los Angeles Kings,4,Nashville Predators,3
10/18/22,San Jose Sharks,2,New York Islanders,5
10/18/22,Boston Bruins,5,Ottawa Senators,7
10/18/22,Philadelphia Flyers,3,Tampa Bay Lightning,2
10/19/22,Winnipeg Jets,4,Colorado Avalanche,3
10/19/22,Philadelphia Flyers,3,Florida Panthers,4
10/19/22,St. Louis Blues,4,Seattle Kraken,3
10/20/22,Anaheim Ducks,1,Boston Bruins,2
10/20/22,Nashville Predators,3,Columbus Blue Jackets,5
10/20/22,Buffalo Sabres,6,Calgary Flames,3
10/20/22,Carolina Hurricanes,4,Edmonton Oilers,6
10/20/22,Vancouver Canucks,3,Minnesota Wild,4
10/20/22,Arizona Coyotes,2,Montreal Canadiens,6
10/20/22,New Jersey Devils,4,New York Islanders,1
10/20/22,San Jose Sharks,3,New York Rangers,2
10/20/22,Washington Capitals,2,Ottawa Senators,5
10/20/22,Los Angeles Kings,1,Pittsburgh Penguins,6
10/20/22,Dallas Stars,2,Toronto Maple Leafs,3
10/20/22,Winnipeg Jets,2,Vegas Golden Knights,5
10/21/22,Detroit Red Wings,3,Chicago Blackhawks,4
10/21/22,Seattle Kraken,3,Colorado Avalanche,2
10/21/22,Tampa Bay Lightning,3,Florida Panthers,2
10/22/22,Minnesota Wild,3,Boston Bruins,4
10/22/22,Pittsburgh Penguins,6,Columbus Blue Jackets,3
10/22/22,Carolina Hurricanes,2,Calgary Flames,3
10/22/22,St. Louis Blues,2,Edmonton Oilers,0
10/22/22,Dallas Stars,5,Montreal Canadiens,2
10/22/22,San Jose Sharks,1,New Jersey Devils,2
10/22/22,Philadelphia Flyers,3,Nashville Predators,1
10/22/22,Arizona Coyotes,2,Ottawa Senators,6
10/22/22,New York Islanders,3,Tampa Bay Lightning,5
10/22/22,Buffalo Sabres,5,Vancouver Canucks,1
10/22/22,Colorado Avalanche,3,Vegas Golden Knights,2
10/22/22,Toronto Maple Leafs,4,Winnipeg Jets,1
10/22/22,Los Angeles Kings,3,Washington Capitals,4
10/23/22,Seattle Kraken,4,Chicago Blackhawks,5
10/23/22,Anaheim Ducks,1,Detroit Red Wings,5
10/23/22,New York Islanders,2,Florida Panthers,3
10/23/22,Columbus Blue Jackets,5,New York Rangers,1
10/23/22,San Jose Sharks,3,Philadelphia Flyers,0
10/24/22,Pittsburgh Penguins,3,Edmonton Oilers,6
10/24/22,Washington Capitals,6,New Jersey Devils,3
10/24/22,Dallas Stars,2,Ottawa Senators,4
10/24/22,Carolina Hurricanes,3,Vancouver Canucks,2
10/24/22,Toronto Maple Leafs,1,Vegas Golden Knights,3
10/24/22,St. Louis Blues,0,Winnipeg Jets,4
10/25/22,Dallas Stars,1,Boston Bruins,3
10/25/22,Arizona Coyotes,6,Columbus Blue Jackets,3
10/25/22,Pittsburgh Penguins,1,Calgary Flames,4
10/25/22,Florida Panthers,2,Chicago Blackhawks,4
10/25/22,New Jersey Devils,6,Detroit Red Wings,2
10/25/22,Tampa Bay Lightning,2,Los Angeles Kings,4
10/25/22,Minnesota Wild,3,Montreal Canadiens,1
10/25/22,Colorado Avalanche,3,New York Rangers,2
10/25/22,Buffalo Sabres,1,Seattle Kraken,5
10/25/22,Vegas Golden Knights,4,San Jose Sharks,2
10/26/22,Tampa Bay Lightning,4,Anaheim Ducks,2
10/26/22,New York Rangers,0,New York Islanders,3
10/26/22,Edmonton Oilers,3,St. Louis Blues,1
10/27/22,Detroit Red Wings,1,Boston Bruins,5
10/27/22,Montreal Canadiens,3,Buffalo Sabres,2
10/27/22,Edmonton Oilers,6,Chicago Blackhawks,5
10/27/22,Washington Capitals,0,Dallas Stars,2
10/27/22,Winnipeg Jets,6,Los Angeles Kings,4
10/27/22,St. Louis Blues,2,Nashville Predators,6
10/27/22,Minnesota Wild,4,Ottawa Senators,2
10/27/22,Florida Panthers,3,Philadelphia Flyers,4
10/27/22,Vancouver Canucks,5,Seattle Kraken,4
10/27/22,Toronto Maple Leafs,3,San Jose Sharks,4
10/28/22,Winnipeg Jets,3,Arizona Coyotes,2
10/28/22,New York Islanders,6,Carolina Hurricanes,2
10/28/22,Boston Bruins,4,Columbus Blue Jackets,0
10/28/22,Colorado Avalanche,0,New Jersey Devils,1
10/28/22,Pittsburgh Penguins,1,Vancouver Canucks,5
10/28/22,Anaheim Ducks,0,Vegas Golden Knights,4
10/29/22,Chicago Blackhawks,3,Buffalo Sabres,4
10/29/22,Edmonton Oilers,3,Calgary Flames,2
10/29/22,New York Rangers,6,Dallas Stars,3
10/29/22,Minnesota Wild,1,Detroit Red Wings,2
10/29/22,Ottawa Senators,3,Florida Panthers,5
10/29/22,Toronto Maple Leafs,2,Los Angeles Kings,4
10/29/22,Washington Capitals,3,Nashville Predators,0
10/29/22,Colorado Avalanche,4,New York Islanders,5
10/29/22,Carolina Hurricanes,4,Philadelphia Flyers,3
10/29/22,Pittsburgh Penguins,1,Seattle Kraken,3
10/29/22,Tampa Bay Lightning,4,San Jose Sharks,3
10/29/22,Montreal Canadiens,7,St. Louis Blues,4
10/30/22,Toronto Maple Leafs,3,Anaheim Ducks,4
10/30/22,New York Rangers,3,Arizona Coyotes,2
10/30/22,Minnesota Wild,4,Chicago Blackhawks,3
10/30/22,Columbus Blue Jackets,1,New Jersey Devils,7
10/30/22,Winnipeg Jets,1,Vegas Golden Knights,2
10/31/22,Detroit Red Wings,3,Buffalo Sabres,8
10/31/22,Washington Capitals,2,Carolina Hurricanes,3
10/31/22,Los Angeles Kings,5,St. Louis Blues,1
11/1/22,Florida Panthers,1,Arizona Coyotes,3
11/1/22,Seattle Kraken,5,Calgary Flames,4
11/1/22,New York Islanders,3,Chicago Blackhawks,1
11/1/22,Los Angeles Kings,2,Dallas Stars,5
11/1/22,Nashville Predators,4,Edmonton Oilers,7
11/1/22,Montreal Canadiens,1,Minnesota Wild,4
11/1/22,Philadelphia Flyers,0,New York Rangers,1
11/1/22,Boston Bruins,6,Pittsburgh Penguins,5
11/1/22,Anaheim Ducks,6,San Jose Sharks,5
11/1/22,Ottawa Senators,3,Tampa Bay Lightning,4
11/1/22,New Jersey Devils,5,Vancouver Canucks,2
11/1/22,Vegas Golden Knights,3,Washington Capitals,2
11/2/22,Pittsburgh Penguins,3,Buffalo Sabres,6
11/2/22,Philadelphia Flyers,2,Toronto Maple Leafs,5
11/3/22,Dallas Stars,7,Arizona Coyotes,2
11/3/22,Nashville Predators,4,Calgary Flames,1
11/3/22,Los Angeles Kings,1,Chicago Blackhawks,2
11/3/22,Washington Capitals,1,Detroit Red Wings,3
11/3/22,New Jersey Devils,4,Edmonton Oilers,3
11/3/22,Seattle Kraken,4,Minnesota Wild,0
11/3/22,Boston Bruins,5,New York Rangers,2
11/3/22,Vegas Golden Knights,5,Ottawa Senators,4
11/3/22,Florida Panthers,4,San Jose Sharks,3
11/3/22,New York Islanders,5,St. Louis Blues,2
11/3/22,Carolina Hurricanes,4,Tampa Bay Lightning,3
11/3/22,Anaheim Ducks,5,Vancouver Canucks,8
11/3/22,Montreal Canadiens,2,Winnipeg Jets,3
11/4/22,Buffalo Sabres,3,Carolina Hurricanes,5
11/4/22,Columbus Blue Jackets,3,Colorado Avalanche,6
11/5/22,Colorado Avalanche,5,Columbus Blue Jackets,1
11/5/22,New Jersey Devils,4,Calgary Flames,3
11/5/22,New York Islanders,0,Detroit Red Wings,3
11/5/22,Dallas Stars,6,Edmonton Oilers,2
11/5/22,Florida Panthers,4,Los Angeles Kings,5
11/5/22,Vegas Golden Knights,6,Montreal Canadiens,4
11/5/22,Philadelphia Flyers,2,Ottawa Senators,1
11/5/22,Seattle Kraken,3,Pittsburgh Penguins,2
11/5/22,Anaheim Ducks,5,San Jose Sharks,4
11/5/22,Buffalo Sabres,3,Tampa Bay Lightning,5
11/5/22,Boston Bruins,1,Toronto Maple Leafs,2
11/5/22,Nashville Predators,4,Vancouver Canucks,3
11/5/22,Chicago Blackhawks,0,Winnipeg Jets,4
11/5/22,Arizona Coyotes,3,Washington Capitals,2
11/6/22,Florida Panthers,5,Anaheim Ducks,3
11/6/22,Toronto Maple Leafs,3,Carolina Hurricanes,1
11/6/22,Detroit Red Wings,3,New York Rangers,2
11/7/22,St. Louis Blues,1,Boston Bruins,3
11/7/22,Calgary Flames,3,New York Islanders,4
11/7/22,Edmonton Oilers,4,Washington Capitals,5
11/8/22,Arizona Coyotes,4,Buffalo Sabres,1
11/8/22,Montreal Canadiens,3,Detroit Red Wings,2
11/8/22,Minnesota Wild,0,Los Angeles Kings,1
11/8/22,Calgary Flames,2,New Jersey Devils,3
11/8/22,New York Islanders,4,New York Rangers,3
11/8/22,Vancouver Canucks,6,Ottawa Senators,4
11/8/22,St. Louis Blues,1,Philadelphia Flyers,5
11/8/22,Nashville Predators,1,Seattle Kraken,5
11/8/22,Edmonton Oilers,3,Tampa Bay Lightning,2
11/8/22,Vegas Golden Knights,4,Toronto Maple Leafs,3
11/8/22,Dallas Stars,1,Winnipeg Jets,5
11/9/22,Minnesota Wild,4,Anaheim Ducks,1
11/9/22,Carolina Hurricanes,0,Florida Panthers,3
11/9/22,Vancouver Canucks,2,Montreal Canadiens,5
11/9/22,Pittsburgh Penguins,4,Washington Capitals,1
11/10/22,Calgary Flames,1,Boston Bruins,3
11/10/22,Vegas Golden Knights,7,Buffalo Sabres,4
11/10/22,Edmonton Oilers,2,Carolina Hurricanes,7
11/10/22,Philadelphia Flyers,2,Columbus Blue Jackets,5
11/10/22,Nashville Predators,3,Colorado Avalanche,5
11/10/22,New York Rangers,8,Detroit Red Wings,2
11/10/22,Chicago Blackhawks,1,Los Angeles Kings,2
11/10/22,Ottawa Senators,3,New Jersey Devils,4
11/10/22,Arizona Coyotes,2,New York Islanders,0
11/10/22,San Jose Sharks,3,St. Louis Blues,5
11/11/22,San Jose Sharks,5,Dallas Stars,4
11/11/22,Minnesota Wild,1,Seattle Kraken,0
11/11/22,Pittsburgh Penguins,4,Toronto Maple Leafs,2
11/11/22,Tampa Bay Lightning,1,Washington Capitals,5
11/12/22,Chicago Blackhawks,3,Anaheim Ducks,2
11/12/22,Boston Bruins,3,Buffalo Sabres,1
11/12/22,Winnipeg Jets,2,Calgary Flames,3
11/12/22,Carolina Hurricanes,1,Colorado Avalanche,4
11/12/22,Edmonton Oilers,4,Florida Panthers,2
11/12/22,Detroit Red Wings,3,Los Angeles Kings,4
11/12/22,Pittsburgh Penguins,4,Montreal Canadiens,5
11/12/22,Arizona Coyotes,2,New Jersey Devils,4
11/12/22,New York Rangers,1,Nashville Predators,2
11/12/22,Columbus Blue Jackets,3,New York Islanders,4
11/12/22,Ottawa Senators,4,Philadelphia Flyers,1
11/12/22,Vancouver Canucks,2,Toronto Maple Leafs,3
11/12/22,St. Louis Blues,3,Vegas Golden Knights,2
11/13/22,Vancouver Canucks,2,Boston Bruins,5
11/13/22,San Jose Sharks,3,Minnesota Wild,2
11/13/22,Arizona Coyotes,1,New York Rangers,4
11/13/22,Dallas Stars,5,Philadelphia Flyers,1
11/13/22,Winnipeg Jets,3,Seattle Kraken,2
11/13/22,Washington Capitals,3,Tampa Bay Lightning,6
11/14/22,Los Angeles Kings,5,Calgary Flames,6
11/14/22,Carolina Hurricanes,3,Chicago Blackhawks,0
11/14/22,St. Louis Blues,3,Colorado Avalanche,2
11/14/22,New York Islanders,4,Ottawa Senators,2
11/15/22,Detroit Red Wings,2,Anaheim Ducks,3
11/15/22,Vancouver Canucks,5,Buffalo Sabres,4
11/15/22,Philadelphia Flyers,4,Columbus Blue Jackets,5
11/15/22,Washington Capitals,2,Florida Panthers,5
11/15/22,New Jersey Devils,5,Montreal Canadiens,1
11/15/22,Minnesota Wild,1,Nashville Predators,2
11/15/22,Toronto Maple Leafs,5,Pittsburgh Penguins,2
11/15/22,Dallas Stars,4,Tampa Bay Lightning,5
11/15/22,San Jose Sharks,5,Vegas Golden Knights,2
11/16/22,St. Louis Blues,5,Chicago Blackhawks,2
11/16/22,Los Angeles Kings,3,Edmonton Oilers,1
11/16/22,Buffalo Sabres,1,Ottawa Senators,4
11/17/22,Philadelphia Flyers,1,Boston Bruins,4
11/17/22,Colorado Avalanche,3,Carolina Hurricanes,2
11/17/22,Montreal Canadiens,4,Columbus Blue Jackets,6
11/17/22,Dallas Stars,6,Florida Panthers,4
11/17/22,Pittsburgh Penguins,6,Minnesota Wild,4
11/17/22,New York Islanders,4,Nashville Predators,5
11/17/22,New York Rangers,2,Seattle Kraken,3
11/17/22,Detroit Red Wings,7,San Jose Sharks,4
11/17/22,Washington Capitals,4,St. Louis Blues,5
11/17/22,Calgary Flames,1,Tampa Bay Lightning,4
11/17/22,New Jersey Devils,3,Toronto Maple Leafs,2
11/17/22,Arizona Coyotes,1,Vegas Golden Knights,4
11/17/22,Anaheim Ducks,2,Winnipeg Jets,3
11/18/22,Los Angeles Kings,1,Vancouver Canucks,4
11/19/22,Chicago Blackhawks,1,Boston Bruins,6
11/19/22,Detroit Red Wings,6,Columbus Blue Jackets,1
11/19/22,New York Islanders,2,Dallas Stars,5
11/19/22,Vegas Golden Knights,3,Edmonton Oilers,4
11/19/22,Calgary Flames,5,Florida Panthers,4
11/19/22,Carolina Hurricanes,1,Minnesota Wild,2
11/19/22,Philadelphia Flyers,4,Montreal Canadiens,5
11/19/22,Tampa Bay Lightning,3,Nashville Predators,2
11/19/22,New Jersey Devils,5,Ottawa Senators,1
11/19/22,Los Angeles Kings,2,Seattle Kraken,3
11/19/22,New York Rangers,2,San Jose Sharks,1
11/19/22,Anaheim Ducks,2,St. Louis Blues,6
11/19/22,Buffalo Sabres,2,Toronto Maple Leafs,5
11/19/22,Pittsburgh Penguins,3,Winnipeg Jets,0
11/19/22,Colorado Avalanche,4,Washington Capitals,0
11/20/22,Florida Panthers,3,Columbus Blue Jackets,5
11/20/22,Pittsburgh Penguins,5,Chicago Blackhawks,3
11/21/22,Colorado Avalanche,3,Dallas Stars,2
11/21/22,Edmonton Oilers,2,New Jersey Devils,5
11/21/22,Arizona Coyotes,3,Nashville Predators,4
11/21/22,Calgary Flames,5,Philadelphia Flyers,2
11/21/22,Ottawa Senators,1,San Jose Sharks,5
11/21/22,Anaheim Ducks,1,St. Louis Blues,3
11/21/22,Boston Bruins,5,Tampa Bay Lightning,3
11/21/22,New York Islanders,3,Toronto Maple Leafs,2
11/21/22,Vegas Golden Knights,5,Vancouver Canucks,4
11/21/22,Carolina Hurricanes,3,Winnipeg Jets,4
11/22/22,New York Rangers,5,Los Angeles Kings,3
11/22/22,Buffalo Sabres,7,Montreal Canadiens,2
11/23/22,New York Rangers,2,Anaheim Ducks,3
11/23/22,St. Louis Blues,2,Buffalo Sabres,6
11/23/22,Arizona Coyotes,4,Carolina Hurricanes,0
11/23/22,Montreal Canadiens,3,Columbus Blue Jackets,1
11/23/22,Vancouver Canucks,4,Colorado Avalanche,3
11/23/22,Chicago Blackhawks,4,Dallas Stars,6
11/23/22,Nashville Predators,0,Detroit Red Wings,3
11/23/22,Boston Bruins,2,Florida Panthers,5
11/23/22,Winnipeg Jets,1,Minnesota Wild,6
11/23/22,Toronto Maple Leafs,2,New Jersey Devils,1
11/23/22,Edmonton Oilers,0,New York Islanders,3
11/23/22,Calgary Flames,1,Pittsburgh Penguins,2
11/23/22,San Jose Sharks,5,Seattle Kraken,8
11/23/22,Ottawa Senators,1,Vegas Golden Knights,4
11/23/22,Philadelphia Flyers,2,Washington Capitals,3
11/25/22,Ottawa Senators,5,Anaheim Ducks,1
11/25/22,Carolina Hurricanes,2,Boston Bruins,3
11/25/22,New Jersey Devils,3,Buffalo Sabres,1
11/25/22,New York Islanders,3,Columbus Blue Jackets,2
11/25/22,Montreal Canadiens,3,Chicago Blackhawks,2
11/25/22,Winnipeg Jets,5,Dallas Stars,4
11/25/22,Arizona Coyotes,3,Detroit Red Wings,4
11/25/22,Toronto Maple Leafs,4,Minnesota Wild,3
11/25/22,Pittsburgh Penguins,4,Philadelphia Flyers,1
11/25/22,Los Angeles Kings,5,San Jose Sharks,2
11/25/22,St. Louis Blues,2,Tampa Bay Lightning,5
11/25/22,Seattle Kraken,4,Vegas Golden Knights,2
11/25/22,Calgary Flames,0,Washington Capitals,3
11/26/22,Calgary Flames,2,Carolina Hurricanes,3
11/26/22,Dallas Stars,1,Colorado Avalanche,4
11/26/22,St. Louis Blues,5,Florida Panthers,4
11/26/22,Washington Capitals,1,New Jersey Devils,5
11/26/22,Philadelphia Flyers,2,New York Islanders,5
11/26/22,Edmonton Oilers,4,New York Rangers,3
11/26/22,Toronto Maple Leafs,4,Pittsburgh Penguins,1
11/26/22,Vancouver Canucks,5,Vegas Golden Knights,1
11/27/22,Seattle Kraken,5,Anaheim Ducks,4
11/27/22,Winnipeg Jets,7,Chicago Blackhawks,2
11/27/22,Ottawa Senators,3,Los Angeles Kings,2
11/27/22,Arizona Coyotes,3,Minnesota Wild,4
11/27/22,Vancouver Canucks,4,San Jose Sharks,3
11/28/22,Tampa Bay Lightning,6,Buffalo Sabres,5
11/28/22,Vegas Golden Knights,3,Columbus Blue Jackets,2
11/28/22,Toronto Maple Leafs,4,Detroit Red Wings,2
11/28/22,Florida Panthers,3,Edmonton Oilers,4
11/28/22,New Jersey Devils,5,New York Rangers,3
11/28/22,Dallas Stars,4,St. Louis Blues,1
11/29/22,Tampa Bay Lightning,1,Boston Bruins,3
11/29/22,Florida Panthers,2,Calgary Flames,6
11/29/22,Seattle Kraken,9,Los Angeles Kings,8
11/29/22,San Jose Sharks,4,Montreal Canadiens,0
11/29/22,Anaheim Ducks,1,Nashville Predators,2
11/29/22,New York Islanders,1,Philadelphia Flyers,3
11/29/22,Carolina Hurricanes,3,Pittsburgh Penguins,2
11/29/22,Washington Capitals,5,Vancouver Canucks,1
11/29/22,Colorado Avalanche,0,Winnipeg Jets,5
11/30/22,Edmonton Oilers,5,Chicago Blackhawks,4
11/30/22,Buffalo Sabres,5,Detroit Red Wings,4
11/30/22,New York Rangers,3,Ottawa Senators,1
11/30/22,San Jose Sharks,1,Toronto Maple Leafs,3
12/1/22,Colorado Avalanche,6,Buffalo Sabres,4
12/1/22,Montreal Canadiens,2,Calgary Flames,1
12/1/22,Anaheim Ducks,0,Dallas Stars,5
12/1/22,Arizona Coyotes,3,Los Angeles Kings,5
12/1/22,Edmonton Oilers,3,Minnesota Wild,5
12/1/22,Nashville Predators,4,New Jersey Devils,3
12/1/22,Tampa Bay Lightning,4,Philadelphia Flyers,1
12/1/22,Vegas Golden Knights,3,Pittsburgh Penguins,4
12/1/22,Washington Capitals,2,Seattle Kraken,3
12/1/22,Carolina Hurricanes,6,St. Louis Blues,4
12/1/22,Florida Panthers,5,Vancouver Canucks,1
12/2/22,Nashville Predators,4,New York Islanders,1
12/2/22,Ottawa Senators,3,New York Rangers,2
12/2/22,Columbus Blue Jackets,4,Winnipeg Jets,1
12/3/22,Colorado Avalanche,1,Boston Bruins,5
12/3/22,Washington Capitals,2,Calgary Flames,5
12/3/22,Vegas Golden Knights,4,Detroit Red Wings,1
12/3/22,Montreal Canadiens,3,Edmonton Oilers,5
12/3/22,Carolina Hurricanes,4,Los Angeles Kings,2
12/3/22,Anaheim Ducks,4,Minnesota Wild,5
12/3/22,Chicago Blackhawks,5,New York Rangers,2
12/3/22,San Jose Sharks,2,Ottawa Senators,5
12/3/22,New Jersey Devils,3,Philadelphia Flyers,2
12/3/22,St. Louis Blues,2,Pittsburgh Penguins,6
12/3/22,Florida Panthers,5,Seattle Kraken,1
12/3/22,Toronto Maple Leafs,3,Tampa Bay Lightning,4
12/3/22,Arizona Coyotes,2,Vancouver Canucks,3
12/4/22,San Jose Sharks,3,Buffalo Sabres,6
12/4/22,Detroit Red Wings,4,Columbus Blue Jackets,2
12/4/22,Minnesota Wild,6,Dallas Stars,5
12/4/22,Chicago Blackhawks,0,New York Islanders,3
12/4/22,Anaheim Ducks,2,Winnipeg Jets,5
12/5/22,Vegas Golden Knights,4,Boston Bruins,3
12/5/22,Arizona Coyotes,2,Calgary Flames,3
12/5/22,Washington Capitals,3,Edmonton Oilers,2
12/5/22,St. Louis Blues,4,New York Rangers,6
12/5/22,Colorado Avalanche,3,Philadelphia Flyers,5
12/5/22,Montreal Canadiens,6,Vancouver Canucks,7
12/6/22,Carolina Hurricanes,3,Anaheim Ducks,4
12/6/22,Toronto Maple Leafs,4,Dallas Stars,0
12/6/22,Chicago Blackhawks,0,New Jersey Devils,3
12/6/22,St. Louis Blues,7,New York Islanders,4
12/6/22,Los Angeles Kings,5,Ottawa Senators,2
12/6/22,Columbus Blue Jackets,1,Pittsburgh Penguins,4
12/6/22,Montreal Canadiens,4,Seattle Kraken,2
12/6/22,Detroit Red Wings,4,Tampa Bay Lightning,2
12/6/22,Florida Panthers,2,Winnipeg Jets,5
12/7/22,Buffalo Sabres,9,Columbus Blue Jackets,4
12/7/22,Minnesota Wild,3,Calgary Flames,5
12/7/22,Boston Bruins,4,Colorado Avalanche,0
12/7/22,Arizona Coyotes,2,Edmonton Oilers,8
12/7/22,Washington Capitals,4,Philadelphia Flyers,1
12/7/22,Vancouver Canucks,6,San Jose Sharks,5
12/7/22,New York Rangers,5,Vegas Golden Knights,1
12/8/22,Ottawa Senators,3,Dallas Stars,4
12/8/22,Detroit Red Wings,1,Florida Panthers,5
12/8/22,Winnipeg Jets,5,St. Louis Blues,2
12/8/22,Nashville Predators,2,Tampa Bay Lightning,5
12/8/22,Los Angeles Kings,0,Toronto Maple Leafs,5
12/9/22,San Jose Sharks,6,Anaheim Ducks,1
12/9/22,Boston Bruins,3,Arizona Coyotes,4
12/9/22,Pittsburgh Penguins,4,Buffalo Sabres,3
12/9/22,Calgary Flames,1,Columbus Blue Jackets,3
12/9/22,Winnipeg Jets,3,Chicago Blackhawks,1
12/9/22,New York Rangers,2,Colorado Avalanche,1
12/9/22,Minnesota Wild,2,Edmonton Oilers,5
12/9/22,New York Islanders,6,New Jersey Devils,4
12/9/22,Philadelphia Flyers,1,Vegas Golden Knights,2
12/9/22,Seattle Kraken,1,Washington Capitals,4
12/10/22,Detroit Red Wings,2,Dallas Stars,3
12/10/22,Los Angeles Kings,4,Montreal Canadiens,2
12/10/22,Ottawa Senators,3,Nashville Predators,2
12/10/22,Carolina Hurricanes,3,New York Islanders,0
12/10/22,Buffalo Sabres,1,Pittsburgh Penguins,3
12/10/22,Florida Panthers,1,Tampa Bay Lightning,4
12/10/22,Calgary Flames,4,Toronto Maple Leafs,5
12/10/22,Minnesota Wild,3,Vancouver Canucks,0
12/11/22,Philadelphia Flyers,4,Arizona Coyotes,5
12/11/22,Los Angeles Kings,5,Columbus Blue Jackets,6
12/11/22,Seattle Kraken,5,Florida Panthers,2
12/11/22,Colorado Avalanche,3,St. Louis Blues,2
12/11/22,Boston Bruins,3,Vegas Golden Knights,1
12/11/22,Washington Capitals,5,Winnipeg Jets,2
12/12/22,Edmonton Oilers,1,Minnesota Wild,2
12/12/22,Calgary Flames,1,Montreal Canadiens,2
12/12/22,New Jersey Devils,3,New York Rangers,4
12/12/22,Anaheim Ducks,0,Ottawa Senators,3
12/12/22,Dallas Stars,1,Pittsburgh Penguins,2
12/12/22,Nashville Predators,0,St. Louis Blues,1
12/13/22,New York Islanders,3,Boston Bruins,4
12/13/22,Los Angeles Kings,0,Buffalo Sabres,6
12/13/22,Washington Capitals,7,Chicago Blackhawks,3
12/13/22,Philadelphia Flyers,2,Colorado Avalanche,3
12/13/22,Carolina Hurricanes,1,Detroit Red Wings,0
12/13/22,Columbus Blue Jackets,0,Florida Panthers,4
12/13/22,Dallas Stars,4,New Jersey Devils,1
12/13/22,Edmonton Oilers,6,Nashville Predators,3
12/13/22,Arizona Coyotes,2,San Jose Sharks,3
12/13/22,Seattle Kraken,2,Tampa Bay Lightning,6
12/13/22,Anaheim Ducks,0,Toronto Maple Leafs,7
12/13/22,Vegas Golden Knights,6,Winnipeg Jets,5
12/14/22,Vancouver Canucks,4,Calgary Flames,3
12/14/22,Detroit Red Wings,1,Minnesota Wild,4
12/14/22,Montreal Canadiens,2,Ottawa Senators,3
12/15/22,Los Angeles Kings,3,Boston Bruins,2
12/15/22,Seattle Kraken,2,Carolina Hurricanes,3
12/15/22,Vegas Golden Knights,4,Chicago Blackhawks,1
12/15/22,Buffalo Sabres,4,Colorado Avalanche,2
12/15/22,St. Louis Blues,4,Edmonton Oilers,3
12/15/22,Pittsburgh Penguins,4,Florida Panthers,2
12/15/22,Anaheim Ducks,5,Montreal Canadiens,2
12/15/22,Philadelphia Flyers,2,New Jersey Devils,1
12/15/22,Toronto Maple Leafs,1,New York Rangers,3
12/15/22,Columbus Blue Jackets,1,Tampa Bay Lightning,4
12/15/22,Nashville Predators,1,Winnipeg Jets,2
12/15/22,Dallas Stars,2,Washington Capitals,1
12/16/22,New York Islanders,4,Arizona Coyotes,5
12/16/22,St. Louis Blues,5,Calgary Flames,2
12/16/22,Chicago Blackhawks,1,Minnesota Wild,4
12/17/22,Buffalo Sabres,5,Arizona Coyotes,2
12/17/22,Columbus Blue Jackets,2,Boston Bruins,4
12/17/22,Dallas Stars,4,Carolina Hurricanes,5
12/17/22,Nashville Predators,1,Colorado Avalanche,3
12/17/22,Ottawa Senators,6,Detroit Red Wings,3
12/17/22,Anaheim Ducks,4,Edmonton Oilers,3
12/17/22,San Jose Sharks,2,Los Angeles Kings,3
12/17/22,Tampa Bay Lightning,5,Montreal Canadiens,1
12/17/22,Florida Panthers,4,New Jersey Devils,2
12/17/22,New York Rangers,6,Philadelphia Flyers,3
12/17/22,Winnipeg Jets,5,Vancouver Canucks,1
12/17/22,New York Islanders,5,Vegas Golden Knights,2
12/17/22,Toronto Maple Leafs,2,Washington Capitals,5
12/18/22,Pittsburgh Penguins,2,Carolina Hurricanes,3
12/18/22,New York Rangers,7,Chicago Blackhawks,1
12/18/22,Ottawa Senators,2,Minnesota Wild,4
12/18/22,Winnipeg Jets,2,Seattle Kraken,3
12/18/22,Calgary Flames,5,San Jose Sharks,2
12/19/22,Montreal Canadiens,3,Arizona Coyotes,2
12/19/22,Florida Panthers,3,Boston Bruins,7
12/19/22,Dallas Stars,2,Columbus Blue Jackets,1
12/19/22,New York Islanders,0,Colorado Avalanche,1
12/19/22,Edmonton Oilers,3,Nashville Predators,4
12/19/22,St. Louis Blues,5,Vancouver Canucks,1
12/19/22,Buffalo Sabres,3,Vegas Golden Knights,2
12/19/22,Detroit Red Wings,3,Washington Capitals,4
12/20/22,New Jersey Devils,1,Carolina Hurricanes,4
12/20/22,Anaheim Ducks,1,Los Angeles Kings,4
12/20/22,Columbus Blue Jackets,3,Philadelphia Flyers,5
12/20/22,New York Rangers,2,Pittsburgh Penguins,3
12/20/22,St. Louis Blues,2,Seattle Kraken,5
12/20/22,Calgary Flames,7,San Jose Sharks,3
12/20/22,Tampa Bay Lightning,1,Toronto Maple Leafs,4
12/20/22,Ottawa Senators,1,Winnipeg Jets,5
12/21/22,Minnesota Wild,4,Anaheim Ducks,1
12/21/22,Nashville Predators,4,Chicago Blackhawks,2
12/21/22,Montreal Canadiens,1,Colorado Avalanche,2
12/21/22,Edmonton Oilers,6,Dallas Stars,3
12/21/22,Tampa Bay Lightning,4,Detroit Red Wings,7
12/21/22,New Jersey Devils,4,Florida Panthers,2
12/21/22,Arizona Coyotes,2,Vegas Golden Knights,5
12/22/22,Winnipeg Jets,2,Boston Bruins,3
12/22/22,Calgary Flames,3,Los Angeles Kings,4
12/22/22,New York Islanders,3,New York Rangers,5
12/22/22,Washington Capitals,3,Ottawa Senators,2
12/22/22,Carolina Hurricanes,4,Pittsburgh Penguins,3
12/22/22,Minnesota Wild,2,San Jose Sharks,5
12/22/22,Philadelphia Flyers,3,Toronto Maple Leafs,4
12/22/22,Seattle Kraken,5,Vancouver Canucks,6
12/23/22,Calgary Flames,3,Anaheim Ducks,2
12/23/22,Los Angeles Kings,1,Arizona Coyotes,2
12/23/22,Philadelphia Flyers,5,Carolina Hurricanes,6
12/23/22,Columbus Blue Jackets,2,Chicago Blackhawks,5
12/23/22,Montreal Canadiens,2,Dallas Stars,4
12/23/22,Vancouver Canucks,5,Edmonton Oilers,2
12/23/22,Boston Bruins,4,New Jersey Devils,3
12/23/22,Colorado Avalanche,3,Nashville Predators,2
12/23/22,Florida Panthers,1,New York Islanders,5
12/23/22,St. Louis Blues,4,Vegas Golden Knights,5
12/23/22,Winnipeg Jets,1,Washington Capitals,4
12/27/22,Colorado Avalanche,3,Arizona Coyotes,6
12/27/22,Chicago Blackhawks,0,Carolina Hurricanes,3
12/27/22,Edmonton Oilers,2,Calgary Flames,1
12/27/22,Vegas Golden Knights,2,Los Angeles Kings,4
12/27/22,Dallas Stars,3,Nashville Predators,2
12/27/22,Pittsburgh Penguins,1,New York Islanders,5
12/27/22,Washington Capitals,4,New York Rangers,0
12/27/22,Boston Bruins,2,Ottawa Senators,3
12/27/22,Toronto Maple Leafs,5,St. Louis Blues,4
12/27/22,San Jose Sharks,2,Vancouver Canucks,6
12/27/22,Minnesota Wild,4,Winnipeg Jets,1
12/28/22,Vegas Golden Knights,2,Anaheim Ducks,3
12/28/22,Boston Bruins,3,New Jersey Devils,1
12/28/22,Detroit Red Wings,5,Pittsburgh Penguins,4
12/28/22,Calgary Flames,3,Seattle Kraken,2
12/28/22,Montreal Canadiens,1,Tampa Bay Lightning,4
12/29/22,Toronto Maple Leafs,3,Arizona Coyotes,6
12/29/22,Detroit Red Wings,3,Buffalo Sabres,6
12/29/22,Los Angeles Kings,5,Colorado Avalanche,4
12/29/22,Montreal Canadiens,2,Florida Panthers,7
12/29/22,Dallas Stars,4,Minnesota Wild,1
12/29/22,Columbus Blue Jackets,1,New York Islanders,2
12/29/22,Philadelphia Flyers,4,San Jose Sharks,3
12/29/22,Chicago Blackhawks,1,St. Louis Blues,3
12/29/22,New York Rangers,1,Tampa Bay Lightning,2
12/29/22,Vancouver Canucks,2,Winnipeg Jets,4
12/29/22,Ottawa Senators,4,Washington Capitals,3
12/30/22,Nashville Predators,6,Anaheim Ducks,1
12/30/22,Florida Panthers,0,Carolina Hurricanes,4
12/30/22,New Jersey Devils,4,Pittsburgh Penguins,2
12/30/22,Edmonton Oilers,7,Seattle Kraken,2
12/31/22,Buffalo Sabres,4,Boston Bruins,3
12/31/22,Chicago Blackhawks,1,Columbus Blue Jackets,4
12/31/22,Vancouver Canucks,2,Calgary Flames,3
12/31/22,Toronto Maple Leafs,6,Colorado Avalanche,2
12/31/22,San Jose Sharks,2,Dallas Stars,5
12/31/22,Ottawa Senators,2,Detroit Red Wings,4
12/31/22,Winnipeg Jets,2,Edmonton Oilers,1
12/31/22,Philadelphia Flyers,4,Los Angeles Kings,2
12/31/22,Minnesota Wild,5,St. Louis Blues,2
12/31/22,Arizona Coyotes,3,Tampa Bay Lightning,5
12/31/22,Nashville Predators,4,Vegas Golden Knights,5
12/31/22,Montreal Canadiens,2,Washington Capitals,9
1/1/23,San Jose Sharks,5,Chicago Blackhawks,2
1/1/23,New York Rangers,5,Florida Panthers,3
1/1/23,Carolina Hurricanes,5,New Jersey Devils,4
1/1/23,Buffalo Sabres,1,Ottawa Senators,3
1/1/23,New York Islanders,1,Seattle Kraken,4
1/2/23,Philadelphia Flyers,4,Anaheim Ducks,1
1/2/23,Pittsburgh Penguins,1,Boston Bruins,2
1/2/23,Vegas Golden Knights,3,Colorado Avalanche,2
1/3/23,Tampa Bay Lightning,4,Chicago Blackhawks,1
1/3/23,Seattle Kraken,5,Edmonton Oilers,2
1/3/23,Arizona Coyotes,3,Florida Panthers,5
1/3/23,Dallas Stars,2,Los Angeles Kings,3
1/3/23,Montreal Canadiens,3,Nashville Predators,6
1/3/23,Carolina Hurricanes,3,New York Rangers,5
1/3/23,Columbus Blue Jackets,0,Ottawa Senators,4
1/3/23,St. Louis Blues,6,Toronto Maple Leafs,5
1/3/23,New York Islanders,6,Vancouver Canucks,2
1/3/23,Calgary Flames,2,Winnipeg Jets,3
1/3/23,Buffalo Sabres,5,Washington Capitals,4
1/4/23,Dallas Stars,0,Anaheim Ducks,2
1/4/23,New Jersey Devils,5,Detroit Red Wings,1
1/4/23,Tampa Bay Lightning,1,Minnesota Wild,5
1/5/23,Nashville Predators,5,Carolina Hurricanes,3
1/5/23,Washington Capitals,6,Columbus Blue Jackets,2
1/5/23,New York Islanders,2,Edmonton Oilers,4
1/5/23,Boston Bruins,5,Los Angeles Kings,2
1/5/23,New York Rangers,4,Montreal Canadiens,1
1/5/23,St. Louis Blues,5,New Jersey Devils,3
1/5/23,Arizona Coyotes,2,Philadelphia Flyers,6
1/5/23,Seattle Kraken,5,Toronto Maple Leafs,1
1/5/23,Colorado Avalanche,2,Vancouver Canucks,4
1/5/23,Pittsburgh Penguins,2,Vegas Golden Knights,5
1/6/23,San Jose Sharks,4,Anaheim Ducks,5
1/6/23,New York Islanders,1,Calgary Flames,4
1/6/23,Arizona Coyotes,0,Chicago Blackhawks,2
1/6/23,Florida Panthers,3,Detroit Red Wings,2
1/6/23,Tampa Bay Lightning,2,Winnipeg Jets,4
1/6/23,Nashville Predators,3,Washington Capitals,2
1/7/23,Minnesota Wild,5,Buffalo Sabres,6
1/7/23,Carolina Hurricanes,3,Columbus Blue Jackets,4
1/7/23,Colorado Avalanche,3,Edmonton Oilers,2
1/7/23,St. Louis Blues,4,Montreal Canadiens,5
1/7/23,New York Rangers,3,New Jersey Devils,4
1/7/23,Seattle Kraken,8,Ottawa Senators,4
1/7/23,Boston Bruins,4,San Jose Sharks,2
1/7/23,Detroit Red Wings,1,Toronto Maple Leafs,4
1/7/23,Los Angeles Kings,5,Vegas Golden Knights,1
1/8/23,Boston Bruins,7,Anaheim Ducks,1
1/8/23,Pittsburgh Penguins,4,Arizona Coyotes,1
1/8/23,Calgary Flames,3,Chicago Blackhawks,4
1/8/23,Florida Panthers,1,Dallas Stars,5
1/8/23,St. Louis Blues,3,Minnesota Wild,0
1/8/23,Toronto Maple Leafs,6,Philadelphia Flyers,2
1/8/23,Vancouver Canucks,4,Winnipeg Jets,7
1/8/23,Columbus Blue Jackets,0,Washington Capitals,1
1/9/23,Philadelphia Flyers,4,Buffalo Sabres,0
1/9/23,Edmonton Oilers,3,Los Angeles Kings,6
1/9/23,Seattle Kraken,4,Montreal Canadiens,0
1/9/23,Nashville Predators,3,Ottawa Senators,0
1/10/23,San Jose Sharks,4,Arizona Coyotes,2
1/10/23,Seattle Kraken,4,Buffalo Sabres,3
1/10/23,New Jersey Devils,5,Carolina Hurricanes,3
1/10/23,Florida Panthers,5,Colorado Avalanche,4
1/10/23,Winnipeg Jets,5,Detroit Red Wings,7
1/10/23,Dallas Stars,2,New York Islanders,1
1/10/23,Minnesota Wild,3,New York Rangers,4
1/10/23,Vancouver Canucks,4,Pittsburgh Penguins,5
1/10/23,Calgary Flames,3,St. Louis Blues,4
1/10/23,Columbus Blue Jackets,3,Tampa Bay Lightning,6
1/11/23,Edmonton Oilers,6,Anaheim Ducks,2
1/11/23,San Jose Sharks,3,Los Angeles Kings,4
1/11/23,Washington Capitals,3,Philadelphia Flyers,5
1/11/23,Nashville Predators,1,Toronto Maple Leafs,2
1/12/23,Ottawa Senators,5,Arizona Coyotes,3
1/12/23,Seattle Kraken,3,Boston Bruins,0
1/12/23,Winnipeg Jets,4,Buffalo Sabres,2
1/12/23,Carolina Hurricanes,6,Columbus Blue Jackets,2
1/12/23,Colorado Avalanche,2,Chicago Blackhawks,3
1/12/23,Toronto Maple Leafs,1,Detroit Red Wings,4
1/12/23,Nashville Predators,3,Montreal Canadiens,4
1/12/23,Minnesota Wild,3,New York Islanders,1
1/12/23,Dallas Stars,1,New York Rangers,2
1/12/23,Calgary Flames,4,St. Louis Blues,1
1/12/23,Vancouver Canucks,4,Tampa Bay Lightning,5
1/12/23,Florida Panthers,2,Vegas Golden Knights,4
1/13/23,New Jersey Devils,6,Anaheim Ducks,2
1/13/23,Winnipeg Jets,4,Pittsburgh Penguins,1
1/13/23,Edmonton Oilers,7,San Jose Sharks,1
1/14/23,Toronto Maple Leafs,3,Boston Bruins,4
1/14/23,Pittsburgh Penguins,1,Carolina Hurricanes,2
1/14/23,Seattle Kraken,8,Chicago Blackhawks,5
1/14/23,Ottawa Senators,0,Colorado Avalanche,7
1/14/23,Calgary Flames,6,Dallas Stars,5
1/14/23,Columbus Blue Jackets,4,Detroit Red Wings,3
1/14/23,Vancouver Canucks,3,Florida Panthers,4
1/14/23,New Jersey Devils,5,Los Angeles Kings,2
1/14/23,Arizona Coyotes,1,Minnesota Wild,2
1/14/23,Buffalo Sabres,5,Nashville Predators,3
1/14/23,Montreal Canadiens,1,New York Islanders,2
1/14/23,Tampa Bay Lightning,4,St. Louis Blues,2
1/14/23,Edmonton Oilers,4,Vegas Golden Knights,3
1/14/23,Philadelphia Flyers,3,Washington Capitals,1
1/15/23,Vancouver Canucks,4,Carolina Hurricanes,3
1/15/23,Montreal Canadiens,2,New York Rangers,1
1/15/23,Arizona Coyotes,1,Winnipeg Jets,2
1/16/23,Philadelphia Flyers,0,Boston Bruins,6
1/16/23,Florida Panthers,4,Buffalo Sabres,1
1/16/23,New York Rangers,3,Columbus Blue Jackets,1
1/16/23,Detroit Red Wings,3,Colorado Avalanche,6
1/16/23,Calgary Flames,1,Nashville Predators,2
1/16/23,Washington Capitals,4,New York Islanders,3
1/16/23,Anaheim Ducks,3,Pittsburgh Penguins,4
1/16/23,Tampa Bay Lightning,4,Seattle Kraken,1
1/16/23,New Jersey Devils,4,San Jose Sharks,3
1/16/23,Ottawa Senators,1,St. Louis Blues,2
1/16/23,Dallas Stars,4,Vegas Golden Knights,0
1/17/23,Detroit Red Wings,3,Arizona Coyotes,4
1/17/23,Buffalo Sabres,3,Chicago Blackhawks,4
1/17/23,Seattle Kraken,2,Edmonton Oilers,5
1/17/23,Winnipeg Jets,1,Montreal Canadiens,4
1/17/23,Columbus Blue Jackets,1,Nashville Predators,2
1/17/23,Anaheim Ducks,2,Philadelphia Flyers,5
1/17/23,Florida Panthers,4,Toronto Maple Leafs,5
1/17/23,Minnesota Wild,4,Washington Capitals,2
1/18/23,Colorado Avalanche,4,Calgary Flames,1
1/18/23,Boston Bruins,4,New York Islanders,1
1/18/23,Pittsburgh Penguins,4,Ottawa Senators,5
1/18/23,Dallas Stars,3,San Jose Sharks,5
1/18/23,Tampa Bay Lightning,5,Vancouver Canucks,2
1/19/23,Washington Capitals,4,Arizona Coyotes,0
1/19/23,New York Islanders,2,Buffalo Sabres,3
1/19/23,Minnesota Wild,2,Carolina Hurricanes,5
1/19/23,Anaheim Ducks,5,Columbus Blue Jackets,3
1/19/23,Tampa Bay Lightning,3,Edmonton Oilers,5
1/19/23,Dallas Stars,4,Los Angeles Kings,0
1/19/23,Florida Panthers,6,Montreal Canadiens,2
1/19/23,Boston Bruins,3,New York Rangers,1
1/19/23,Chicago Blackhawks,4,Philadelphia Flyers,1
1/19/23,New Jersey Devils,3,Seattle Kraken,4
1/19/23,Nashville Predators,2,St. Louis Blues,5
1/19/23,Winnipeg Jets,1,Toronto Maple Leafs,4
1/19/23,Detroit Red Wings,3,Vegas Golden Knights,2
1/20/23,Ottawa Senators,1,Pittsburgh Penguins,4
1/20/23,Colorado Avalanche,4,Vancouver Canucks,1
1/21/23,Anaheim Ducks,3,Buffalo Sabres,6
1/21/23,San Jose Sharks,3,Columbus Blue Jackets,5
1/21/23,Tampa Bay Lightning,3,Calgary Flames,6
1/21/23,Arizona Coyotes,0,Dallas Stars,4
1/21/23,Philadelphia Flyers,2,Detroit Red Wings,1
1/21/23,Minnesota Wild,3,Florida Panthers,5
1/21/23,Toronto Maple Leafs,2,Montreal Canadiens,3
1/21/23,Los Angeles Kings,3,Nashville Predators,5
1/21/23,Carolina Hurricanes,5,New York Islanders,2
1/21/23,Winnipeg Jets,5,Ottawa Senators,1
1/21/23,Colorado Avalanche,2,Seattle Kraken,1
1/21/23,Chicago Blackhawks,5,St. Louis Blues,3
1/21/23,Edmonton Oilers,4,Vancouver Canucks,2
1/21/23,Washington Capitals,2,Vegas Golden Knights,6
1/22/23,Vegas Golden Knights,1,Arizona Coyotes,4
1/22/23,San Jose Sharks,0,Boston Bruins,4
1/22/23,Los Angeles Kings,2,Chicago Blackhawks,1
1/22/23,Pittsburgh Penguins,1,New Jersey Devils,2
1/22/23,Winnipeg Jets,5,Philadelphia Flyers,3
1/23/23,Columbus Blue Jackets,3,Calgary Flames,4
1/23/23,Buffalo Sabres,3,Dallas Stars,2
1/23/23,Florida Panthers,2,New York Rangers,6
1/23/23,New York Islanders,2,Toronto Maple Leafs,5
1/24/23,Anaheim Ducks,5,Arizona Coyotes,2
1/24/23,Washington Capitals,2,Colorado Avalanche,3
1/24/23,San Jose Sharks,2,Detroit Red Wings,3
1/24/23,Boston Bruins,4,Montreal Canadiens,2
1/24/23,Vegas Golden Knights,2,New Jersey Devils,3
1/24/23,Winnipeg Jets,1,Nashville Predators,2
1/24/23,Los Angeles Kings,4,Philadelphia Flyers,3
1/24/23,Florida Panthers,6,Pittsburgh Penguins,7
1/24/23,Buffalo Sabres,5,St. Louis Blues,3
1/24/23,Minnesota Wild,2,Tampa Bay Lightning,4
1/24/23,Chicago Blackhawks,2,Vancouver Canucks,5
1/25/23,Carolina Hurricanes,3,Dallas Stars,2
1/25/23,Columbus Blue Jackets,3,Edmonton Oilers,2
1/25/23,New York Islanders,1,Ottawa Senators,2
1/25/23,Vancouver Canucks,1,Seattle Kraken,6
1/25/23,New York Rangers,2,Toronto Maple Leafs,3
1/26/23,St. Louis Blues,0,Arizona Coyotes,5
1/26/23,Chicago Blackhawks,5,Calgary Flames,1
1/26/23,Anaheim Ducks,5,Colorado Avalanche,3
1/26/23,Philadelphia Flyers,2,Minnesota Wild,3
1/26/23,Detroit Red Wings,4,Montreal Canadiens,3
1/26/23,New Jersey Devils,4,Nashville Predators,6
1/26/23,Boston Bruins,2,Tampa Bay Lightning,3
1/26/23,Buffalo Sabres,3,Winnipeg Jets,2
1/26/23,Pittsburgh Penguins,2,Washington Capitals,3
1/27/23,San Jose Sharks,4,Carolina Hurricanes,5
1/27/23,New Jersey Devils,3,Dallas Stars,2
1/27/23,Los Angeles Kings,4,Florida Panthers,3
1/27/23,Detroit Red Wings,0,New York Islanders,2
1/27/23,Vegas Golden Knights,1,New York Rangers,4
1/27/23,Calgary Flames,5,Seattle Kraken,2
1/27/23,Ottawa Senators,6,Toronto Maple Leafs,2
1/27/23,Columbus Blue Jackets,2,Vancouver Canucks,5
1/28/23,Arizona Coyotes,1,Anaheim Ducks,2
1/28/23,St. Louis Blues,2,Colorado Avalanche,4
1/28/23,Chicago Blackhawks,3,Edmonton Oilers,7
1/28/23,Boston Bruins,3,Florida Panthers,4
1/28/23,Buffalo Sabres,2,Minnesota Wild,3
1/28/23,Vegas Golden Knights,1,New York Islanders,2
1/28/23,Montreal Canadiens,0,Ottawa Senators,5
1/28/23,San Jose Sharks,6,Pittsburgh Penguins,4
1/28/23,Columbus Blue Jackets,1,Seattle Kraken,3
1/28/23,Los Angeles Kings,2,Tampa Bay Lightning,5
1/28/23,Philadelphia Flyers,4,Winnipeg Jets,0
1/29/23,Boston Bruins,1,Carolina Hurricanes,4
1/29/23,Washington Capitals,1,Toronto Maple Leafs,5
1/30/23,St. Louis Blues,2,Winnipeg Jets,4
1/31/23,Los Angeles Kings,4,Carolina Hurricanes,5
1/31/23,Washington Capitals,4,Columbus Blue Jackets,3
1/31/23,Ottawa Senators,5,Montreal Canadiens,4
2/1/23,Carolina Hurricanes,5,Buffalo Sabres,1
2/1/23,Boston Bruins,5,Toronto Maple Leafs,2
2/6/23,Minnesota Wild,2,Arizona Coyotes,3
2/6/23,Anaheim Ducks,2,Dallas Stars,3
2/6/23,Tampa Bay Lightning,1,Florida Panthers,7
2/6/23,Vancouver Canucks,4,New Jersey Devils,5
2/6/23,Calgary Flames,4,New York Rangers,5
2/6/23,New York Islanders,2,Philadelphia Flyers,1
2/7/23,Anaheim Ducks,3,Chicago Blackhawks,2
2/7/23,Edmonton Oilers,5,Detroit Red Wings,2
2/7/23,Vegas Golden Knights,5,Nashville Predators,1
2/7/23,Seattle Kraken,0,New York Islanders,4
2/7/23,Colorado Avalanche,1,Pittsburgh Penguins,2
2/7/23,San Jose Sharks,4,Tampa Bay Lightning,3
2/8/23,Minnesota Wild,1,Dallas Stars,4
2/8/23,Vancouver Canucks,3,New York Rangers,4
2/9/23,Calgary Flames,1,Detroit Red Wings,2
2/9/23,San Jose Sharks,1,Florida Panthers,4
2/9/23,Vegas Golden Knights,5,Minnesota Wild,1
2/9/23,Seattle Kraken,1,New Jersey Devils,3
2/9/23,Vancouver Canucks,6,New York Islanders,5
2/9/23,Edmonton Oilers,1,Philadelphia Flyers,2
2/9/23,Colorado Avalanche,0,Tampa Bay Lightning,5
2/10/23,Pittsburgh Penguins,6,Anaheim Ducks,3
2/10/23,Toronto Maple Leafs,3,Columbus Blue Jackets,0
2/10/23,Arizona Coyotes,3,Chicago Blackhawks,4
2/10/23,Seattle Kraken,3,New York Rangers,6
2/11/23,Washington Capitals,2,Boston Bruins,1
2/11/23,Calgary Flames,7,Buffalo Sabres,2
2/11/23,New York Rangers,6,Carolina Hurricanes,2
2/11/23,Tampa Bay Lightning,3,Dallas Stars,1
2/11/23,Vancouver Canucks,2,Detroit Red Wings,5
2/11/23,Colorado Avalanche,5,Florida Panthers,3
2/11/23,Pittsburgh Penguins,0,Los Angeles Kings,6
2/11/23,New Jersey Devils,2,Minnesota Wild,3
2/11/23,New York Islanders,3,Montreal Canadiens,4
2/11/23,Edmonton Oilers,6,Ottawa Senators,3
2/11/23,Nashville Predators,2,Philadelphia Flyers,1
2/11/23,Arizona Coyotes,5,St. Louis Blues,6
2/11/23,Columbus Blue Jackets,4,Toronto Maple Leafs,3
2/11/23,Chicago Blackhawks,1,Winnipeg Jets,4
2/12/23,Edmonton Oilers,2,Montreal Canadiens,6
2/12/23,Seattle Kraken,4,Philadelphia Flyers,3
2/12/23,Anaheim Ducks,2,Vegas Golden Knights,7
2/12/23,San Jose Sharks,4,Washington Capitals,1
2/13/23,Buffalo Sabres,2,Los Angeles Kings,5
2/13/23,Florida Panthers,2,Minnesota Wild,1
2/13/23,Arizona Coyotes,4,Nashville Predators,2
2/13/23,Calgary Flames,3,Ottawa Senators,4
2/13/23,Detroit Red Wings,6,Vancouver Canucks,1
2/14/23,New Jersey Devils,3,Columbus Blue Jackets,2
2/14/23,Tampa Bay Lightning,4,Colorado Avalanche,3
2/14/23,Boston Bruins,3,Dallas Stars,2
2/14/23,Chicago Blackhawks,0,Montreal Canadiens,4
2/14/23,Ottawa Senators,3,New York Islanders,2
2/14/23,Pittsburgh Penguins,3,San Jose Sharks,1
2/14/23,Florida Panthers,2,St. Louis Blues,6
2/14/23,Seattle Kraken,2,Winnipeg Jets,3
2/14/23,Carolina Hurricanes,3,Washington Capitals,2
2/15/23,Buffalo Sabres,7,Anaheim Ducks,3
2/15/23,Tampa Bay Lightning,0,Arizona Coyotes,1
2/15/23,Detroit Red Wings,5,Edmonton Oilers,4
2/15/23,Colorado Avalanche,3,Minnesota Wild,2
2/15/23,Chicago Blackhawks,2,Toronto Maple Leafs,5
2/15/23,New York Rangers,6,Vancouver Canucks,4
2/16/23,Montreal Canadiens,2,Carolina Hurricanes,6
2/16/23,Winnipeg Jets,1,Columbus Blue Jackets,3
2/16/23,Detroit Red Wings,5,Calgary Flames,2
2/16/23,Boston Bruins,5,Nashville Predators,0
2/16/23,Philadelphia Flyers,2,Seattle Kraken,6
2/16/23,New Jersey Devils,2,St. Louis Blues,4
2/16/23,San Jose Sharks,1,Vegas Golden Knights,2
2/16/23,Florida Panthers,6,Washington Capitals,3
2/17/23,Los Angeles Kings,6,Anaheim Ducks,3
2/17/23,New York Rangers,5,Edmonton Oilers,4
2/17/23,Dallas Stars,1,Minnesota Wild,2
2/17/23,Pittsburgh Penguins,4,New York Islanders,5
2/17/23,Chicago Blackhawks,4,Ottawa Senators,3
2/18/23,New York Islanders,2,Boston Bruins,6
2/18/23,Washington Capitals,1,Carolina Hurricanes,4
2/18/23,New York Rangers,2,Calgary Flames,3
2/18/23,Columbus Blue Jackets,4,Dallas Stars,1
2/18/23,Arizona Coyotes,5,Los Angeles Kings,6
2/18/23,Florida Panthers,3,Nashville Predators,7
2/18/23,New Jersey Devils,5,Pittsburgh Penguins,2
2/18/23,Detroit Red Wings,2,Seattle Kraken,4
2/18/23,Buffalo Sabres,4,San Jose Sharks,2
2/18/23,Colorado Avalanche,4,St. Louis Blues,1
2/18/23,Montreal Canadiens,1,Toronto Maple Leafs,5
2/18/23,Philadelphia Flyers,2,Vancouver Canucks,6
2/18/23,Tampa Bay Lightning,4,Vegas Golden Knights,5
2/19/23,Columbus Blue Jackets,2,Arizona Coyotes,3
2/19/23,Toronto Maple Leafs,3,Chicago Blackhawks,5
2/19/23,Edmonton Oilers,5,Colorado Avalanche,6
2/19/23,Nashville Predators,3,Minnesota Wild,4
2/19/23,Winnipeg Jets,2,New Jersey Devils,4
2/19/23,St. Louis Blues,2,Ottawa Senators,7
2/20/23,Ottawa Senators,1,Boston Bruins,3
2/20/23,Philadelphia Flyers,4,Calgary Flames,3
2/20/23,Anaheim Ducks,3,Florida Panthers,4
2/20/23,Winnipeg Jets,4,New York Rangers,1
2/20/23,New York Islanders,4,Pittsburgh Penguins,2
2/20/23,Seattle Kraken,0,San Jose Sharks,4
2/21/23,Toronto Maple Leafs,6,Buffalo Sabres,3
2/21/23,St. Louis Blues,1,Carolina Hurricanes,4
2/21/23,Vegas Golden Knights,2,Chicago Blackhawks,3
2/21/23,Philadelphia Flyers,2,Edmonton Oilers,4
2/21/23,Los Angeles Kings,1,Minnesota Wild,2
2/21/23,Montreal Canadiens,5,New Jersey Devils,2
2/21/23,Vancouver Canucks,4,Nashville Predators,5
2/21/23,Anaheim Ducks,1,Tampa Bay Lightning,6
2/21/23,Detroit Red Wings,3,Washington Capitals,1
2/22/23,Calgary Flames,6,Arizona Coyotes,3
2/22/23,Chicago Blackhawks,4,Dallas Stars,3
2/22/23,Winnipeg Jets,1,New York Islanders,2
2/23/23,Minnesota Wild,2,Columbus Blue Jackets,0
2/23/23,New York Rangers,1,Detroit Red Wings,4
2/23/23,Los Angeles Kings,3,New Jersey Devils,4
2/23/23,Edmonton Oilers,7,Pittsburgh Penguins,2
2/23/23,Boston Bruins,6,Seattle Kraken,5
2/23/23,Nashville Predators,6,San Jose Sharks,2
2/23/23,Vancouver Canucks,3,St. Louis Blues,2
2/23/23,Buffalo Sabres,6,Tampa Bay Lightning,5
2/23/23,Calgary Flames,3,Vegas Golden Knights,4
2/23/23,Anaheim Ducks,4,Washington Capitals,2
2/24/23,Ottawa Senators,0,Carolina Hurricanes,4
2/24/23,Buffalo Sabres,3,Florida Panthers,1
2/24/23,Los Angeles Kings,3,New York Islanders,2
2/24/23,Montreal Canadiens,5,Philadelphia Flyers,2
2/24/23,Minnesota Wild,1,Toronto Maple Leafs,2
2/24/23,Colorado Avalanche,5,Winnipeg Jets,1
2/25/23,Anaheim Ducks,3,Carolina Hurricanes,2
2/25/23,Edmonton Oilers,5,Columbus Blue Jackets,6
2/25/23,Calgary Flames,1,Colorado Avalanche,4
2/25/23,Tampa Bay Lightning,3,Detroit Red Wings,0
2/25/23,Ottawa Senators,5,Montreal Canadiens,2
2/25/23,Philadelphia Flyers,0,New Jersey Devils,7
2/25/23,Chicago Blackhawks,4,San Jose Sharks,3
2/25/23,Pittsburgh Penguins,3,St. Louis Blues,2
2/25/23,Boston Bruins,3,Vancouver Canucks,1
2/25/23,Dallas Stars,3,Vegas Golden Knights,2
2/25/23,New York Rangers,3,Washington Capitals,6
2/26/23,Nashville Predators,6,Arizona Coyotes,2
2/26/23,Washington Capitals,4,Buffalo Sabres,7
2/26/23,Columbus Blue Jackets,2,Minnesota Wild,3
2/26/23,Los Angeles Kings,2,New York Rangers,5
2/26/23,Tampa Bay Lightning,3,Pittsburgh Penguins,7
2/26/23,Toronto Maple Leafs,5,Seattle Kraken,1
2/26/23,New York Islanders,4,Winnipeg Jets,0
2/27/23,Chicago Blackhawks,2,Anaheim Ducks,4
2/27/23,Vegas Golden Knights,0,Colorado Avalanche,3
2/27/23,Vancouver Canucks,5,Dallas Stars,4
2/27/23,Boston Bruins,3,Edmonton Oilers,2
2/27/23,Detroit Red Wings,2,Ottawa Senators,6
2/28/23,Chicago Blackhawks,1,Arizona Coyotes,4
2/28/23,Columbus Blue Jackets,5,Buffalo Sabres,3
2/28/23,Boston Bruins,4,Calgary Flames,3
2/28/23,New York Islanders,1,Minnesota Wild,2
2/28/23,Pittsburgh Penguins,3,Nashville Predators,1
2/28/23,Detroit Red Wings,1,Ottawa Senators,6
2/28/23,Montreal Canadiens,3,San Jose Sharks,1
2/28/23,Seattle Kraken,5,St. Louis Blues,3
2/28/23,Florida Panthers,4,Tampa Bay Lightning,1
2/28/23,Los Angeles Kings,6,Winnipeg Jets,5
3/1/23,Washington Capitals,,Anaheim Ducks,
3/1/23,New Jersey Devils,,Colorado Avalanche,
3/1/23,Arizona Coyotes,,Dallas Stars,
3/1/23,Toronto Maple Leafs,,Edmonton Oilers,
3/1/23,New York Rangers,,Philadelphia Flyers,
3/1/23,Carolina Hurricanes,,Vegas Golden Knights,
3/2/23,Buffalo Sabres,,Boston Bruins,
3/2/23,Toronto Maple Leafs,,Calgary Flames,
3/2/23,Dallas Stars,,Chicago Blackhawks,
3/2/23,Seattle Kraken,,Detroit Red Wings,
3/2/23,Nashville Predators,,Florida Panthers,
3/2/23,Montreal Canadiens,,Los Angeles Kings,
3/2/23,Ottawa Senators,,New York Rangers,
3/2/23,St. Louis Blues,,San Jose Sharks,
3/2/23,Pittsburgh Penguins,,Tampa Bay Lightning,
3/2/23,Minnesota Wild,,Vancouver Canucks,
3/3/23,Montreal Canadiens,,Anaheim Ducks,
3/3/23,Carolina Hurricanes,,Arizona Coyotes,
3/3/23,Seattle Kraken,,Columbus Blue Jackets,
3/3/23,Winnipeg Jets,,Edmonton Oilers,
3/3/23,New Jersey Devils,,Vegas Golden Knights,
3/4/23,New York Rangers,,Boston Bruins,
3/4/23,Tampa Bay Lightning,,Buffalo Sabres,
3/4/23,Minnesota Wild,,Calgary Flames,
3/4/23,Nashville Predators,,Chicago Blackhawks,
3/4/23,Colorado Avalanche,,Dallas Stars,
3/4/23,Pittsburgh Penguins,,Florida Panthers,
3/4/23,St. Louis Blues,,Los Angeles Kings,
3/4/23,Detroit Red Wings,,New York Islanders,
3/4/23,Columbus Blue Jackets,,Ottawa Senators,
3/4/23,Washington Capitals,,San Jose Sharks,
3/4/23,Toronto Maple Leafs,,Vancouver Canucks,
3/4/23,Edmonton Oilers,,Winnipeg Jets,
3/5/23,New Jersey Devils,,Arizona Coyotes,
3/5/23,Tampa Bay Lightning,,Carolina Hurricanes,
3/5/23,Seattle Kraken,,Colorado Avalanche,
3/5/23,Detroit Red Wings,,Philadelphia Flyers,
3/5/23,Montreal Canadiens,,Vegas Golden Knights,
3/6/23,Edmonton Oilers,,Buffalo Sabres,
3/6/23,Ottawa Senators,,Chicago Blackhawks,
3/6/23,Calgary Flames,,Dallas Stars,
3/6/23,Washington Capitals,,Los Angeles Kings,
3/6/23,Nashville Predators,,Vancouver Canucks,
3/6/23,San Jose Sharks,,Winnipeg Jets,
3/7/23,St. Louis Blues,,Arizona Coyotes,
3/7/23,San Jose Sharks,,Colorado Avalanche,
3/7/23,Vegas Golden Knights,,Florida Panthers,
3/7/23,Calgary Flames,,Minnesota Wild,
3/7/23,Carolina Hurricanes,,Montreal Canadiens,
3/7/23,Toronto Maple Leafs,,New Jersey Devils,
3/7/23,Buffalo Sabres,,New York Islanders,
3/7/23,Columbus Blue Jackets,,Pittsburgh Penguins,
3/7/23,Anaheim Ducks,,Seattle Kraken,
3/7/23,Philadelphia Flyers,,Tampa Bay Lightning,
3/8/23,Chicago Blackhawks,,Detroit Red Wings,
3/8/23,Anaheim Ducks,,Vancouver Canucks,
3/8/23,Minnesota Wild,,Winnipeg Jets,
3/9/23,Nashville Predators,,Arizona Coyotes,
3/9/23,Edmonton Oilers,,Boston Bruins,
3/9/23,Dallas Stars,,Buffalo Sabres,
3/9/23,Philadelphia Flyers,,Carolina Hurricanes,
3/9/23,Los Angeles Kings,,Colorado Avalanche,
3/9/23,New York Rangers,,Montreal Canadiens,
3/9/23,New York Islanders,,Pittsburgh Penguins,
3/9/23,Ottawa Senators,,Seattle Kraken,
3/9/23,San Jose Sharks,,St. Louis Blues,
3/9/23,Vegas Golden Knights,,Tampa Bay Lightning,
3/9/23,New Jersey Devils,,Washington Capitals,
3/10/23,Anaheim Ducks,,Calgary Flames,
3/10/23,Chicago Blackhawks,,Florida Panthers,
3/11/23,Detroit Red Wings,,Boston Bruins,
3/11/23,New York Rangers,,Buffalo Sabres,
3/11/23,Vegas Golden Knights,,Carolina Hurricanes,
3/11/23,St. Louis Blues,,Columbus Blue Jackets,
3/11/23,Arizona Coyotes,,Colorado Avalanche,
3/11/23,Winnipeg Jets,,Florida Panthers,
3/11/23,Nashville Predators,,Los Angeles Kings,
3/11/23,New Jersey Devils,,Montreal Canadiens,
3/11/23,Washington Capitals,,New York Islanders,
3/11/23,Philadelphia Flyers,,Pittsburgh Penguins,
3/11/23,Dallas Stars,,Seattle Kraken,
3/11/23,Minnesota Wild,,San Jose Sharks,
3/11/23,Chicago Blackhawks,,Tampa Bay Lightning,
3/11/23,Edmonton Oilers,,Toronto Maple Leafs,
3/11/23,Ottawa Senators,,Vancouver Canucks,
3/12/23,Nashville Predators,,Anaheim Ducks,
3/12/23,Minnesota Wild,,Arizona Coyotes,
3/12/23,Ottawa Senators,,Calgary Flames,
3/12/23,Boston Bruins,,Detroit Red Wings,
3/12/23,Carolina Hurricanes,,New Jersey Devils,
3/12/23,New York Rangers,,Pittsburgh Penguins,
3/12/23,Vegas Golden Knights,,St. Louis Blues,
3/12/23,Winnipeg Jets,,Tampa Bay Lightning,
3/13/23,Colorado Avalanche,,Montreal Canadiens,
3/13/23,Dallas Stars,,Seattle Kraken,
3/13/23,Buffalo Sabres,,Toronto Maple Leafs,
3/14/23,Calgary Flames,,Arizona Coyotes,
3/14/23,Winnipeg Jets,,Carolina Hurricanes,
3/14/23,Boston Bruins,,Chicago Blackhawks,
3/14/23,Ottawa Senators,,Edmonton Oilers,
3/14/23,New York Islanders,,Los Angeles Kings,
3/14/23,Tampa Bay Lightning,,New Jersey Devils,
3/14/23,Detroit Red Wings,,Nashville Predators,
3/14/23,Washington Capitals,,New York Rangers,
3/14/23,Vegas Golden Knights,,Philadelphia Flyers,
3/14/23,Montreal Canadiens,,Pittsburgh Penguins,
3/14/23,Columbus Blue Jackets,,San Jose Sharks,
3/14/23,Dallas Stars,,Vancouver Canucks,
3/15/23,New York Islanders,,Anaheim Ducks,
3/15/23,Minnesota Wild,,St. Louis Blues,
3/15/23,Colorado Avalanche,,Toronto Maple Leafs,
3/15/23,Buffalo Sabres,,Washington Capitals,
3/16/23,Vancouver Canucks,,Arizona Coyotes,
3/16/23,Dallas Stars,,Edmonton Oilers,
3/16/23,Montreal Canadiens,,Florida Panthers,
3/16/23,Columbus Blue Jackets,,Los Angeles Kings,
3/16/23,Tampa Bay Lightning,,New Jersey Devils,
3/16/23,Chicago Blackhawks,,Nashville Predators,
3/16/23,Pittsburgh Penguins,,New York Rangers,
3/16/23,Colorado Avalanche,,Ottawa Senators,
3/16/23,Seattle Kraken,,San Jose Sharks,
3/16/23,Calgary Flames,,Vegas Golden Knights,
3/16/23,Boston Bruins,,Winnipeg Jets,
3/17/23,Columbus Blue Jackets,,Anaheim Ducks,
3/17/23,Buffalo Sabres,,Philadelphia Flyers,
3/17/23,Carolina Hurricanes,,Toronto Maple Leafs,
3/17/23,St. Louis Blues,,Washington Capitals,
3/18/23,Chicago Blackhawks,,Arizona Coyotes,
3/18/23,Dallas Stars,,Calgary Flames,
3/18/23,Colorado Avalanche,,Detroit Red Wings,
3/18/23,New Jersey Devils,,Florida Panthers,
3/18/23,Vancouver Canucks,,Los Angeles Kings,
3/18/23,Boston Bruins,,Minnesota Wild,
3/18/23,Winnipeg Jets,,Nashville Predators,
3/18/23,Pittsburgh Penguins,,New York Rangers,
3/18/23,Toronto Maple Leafs,,Ottawa Senators,
3/18/23,Carolina Hurricanes,,Philadelphia Flyers,
3/18/23,Edmonton Oilers,,Seattle Kraken,
3/18/23,New York Islanders,,San Jose Sharks,
3/18/23,Montreal Canadiens,,Tampa Bay Lightning,
3/19/23,Vancouver Canucks,,Anaheim Ducks,
3/19/23,Boston Bruins,,Buffalo Sabres,
3/19/23,Washington Capitals,,Minnesota Wild,
3/19/23,Nashville Predators,,New York Rangers,
3/19/23,Winnipeg Jets,,St. Louis Blues,
3/19/23,New Jersey Devils,,Tampa Bay Lightning,
3/19/23,Columbus Blue Jackets,,Vegas Golden Knights,
3/20/23,Chicago Blackhawks,,Colorado Avalanche,
3/20/23,Florida Panthers,,Detroit Red Wings,
3/20/23,San Jose Sharks,,Edmonton Oilers,
3/20/23,Calgary Flames,,Los Angeles Kings,
3/20/23,Ottawa Senators,,Pittsburgh Penguins,
3/21/23,Calgary Flames,,Anaheim Ducks,
3/21/23,Ottawa Senators,,Boston Bruins,
3/21/23,Nashville Predators,,Buffalo Sabres,
3/21/23,Seattle Kraken,,Dallas Stars,
3/21/23,Tampa Bay Lightning,,Montreal Canadiens,
3/21/23,Minnesota Wild,,New Jersey Devils,
3/21/23,Toronto Maple Leafs,,New York Islanders,
3/21/23,Carolina Hurricanes,,New York Rangers,
3/21/23,Florida Panthers,,Philadelphia Flyers,
3/21/23,Detroit Red Wings,,St. Louis Blues,
3/21/23,Vegas Golden Knights,,Vancouver Canucks,
3/21/23,Arizona Coyotes,,Winnipeg Jets,
3/21/23,Columbus Blue Jackets,,Washington Capitals,
3/22/23,Pittsburgh Penguins,,Colorado Avalanche,
3/22/23,Arizona Coyotes,,Edmonton Oilers,
3/23/23,Winnipeg Jets,,Anaheim Ducks,
3/23/23,Montreal Canadiens,,Boston Bruins,
3/23/23,New York Rangers,,Carolina Hurricanes,
3/23/23,Vegas Golden Knights,,Calgary Flames,
3/23/23,Pittsburgh Penguins,,Dallas Stars,
3/23/23,St. Louis Blues,,Detroit Red Wings,
3/23/23,Toronto Maple Leafs,,Florida Panthers,
3/23/23,Seattle Kraken,,Nashville Predators,
3/23/23,Tampa Bay Lightning,,Ottawa Senators,
3/23/23,Minnesota Wild,,Philadelphia Flyers,
3/23/23,San Jose Sharks,,Vancouver Canucks,
3/23/23,Chicago Blackhawks,,Washington Capitals,
3/24/23,New Jersey Devils,,Buffalo Sabres,
3/24/23,New York Islanders,,Columbus Blue Jackets,
3/24/23,Arizona Coyotes,,Colorado Avalanche,
3/25/23,St. Louis Blues,,Anaheim Ducks,
3/25/23,Tampa Bay Lightning,,Boston Bruins,
3/25/23,Toronto Maple Leafs,,Carolina Hurricanes,
3/25/23,San Jose Sharks,,Calgary Flames,
3/25/23,Vancouver Canucks,,Dallas Stars,
3/25/23,Vegas Golden Knights,,Edmonton Oilers,
3/25/23,New York Rangers,,Florida Panthers,
3/25/23,Winnipeg Jets,,Los Angeles Kings,
3/25/23,Chicago Blackhawks,,Minnesota Wild,
3/25/23,Columbus Blue Jackets,,Montreal Canadiens,
3/25/23,Ottawa Senators,,New Jersey Devils,
3/25/23,Seattle Kraken,,Nashville Predators,
3/25/23,Buffalo Sabres,,New York Islanders,
3/25/23,Detroit Red Wings,,Philadelphia Flyers,
3/25/23,Washington Capitals,,Pittsburgh Penguins,
3/26/23,Colorado Avalanche,,Arizona Coyotes,
3/26/23,Boston Bruins,,Carolina Hurricanes,
3/26/23,Vancouver Canucks,,Chicago Blackhawks,
3/26/23,St. Louis Blues,,Los Angeles Kings,
3/26/23,Toronto Maple Leafs,,Nashville Predators,
3/27/23,Colorado Avalanche,,Anaheim Ducks,
3/27/23,Edmonton Oilers,,Arizona Coyotes,
3/27/23,Montreal Canadiens,,Buffalo Sabres,
3/27/23,Seattle Kraken,,Minnesota Wild,
3/27/23,New Jersey Devils,,New York Islanders,
3/27/23,Florida Panthers,,Ottawa Senators,
3/28/23,Nashville Predators,,Boston Bruins,
3/28/23,Tampa Bay Lightning,,Carolina Hurricanes,
3/28/23,Los Angeles Kings,,Calgary Flames,
3/28/23,Dallas Stars,,Chicago Blackhawks,
3/28/23,Pittsburgh Penguins,,Detroit Red Wings,
3/28/23,Columbus Blue Jackets,,New York Rangers,
3/28/23,Montreal Canadiens,,Philadelphia Flyers,
3/28/23,Winnipeg Jets,,San Jose Sharks,
3/28/23,Vancouver Canucks,,St. Louis Blues,
3/28/23,Edmonton Oilers,,Vegas Golden Knights,
3/29/23,Minnesota Wild,,Colorado Avalanche,
3/29/23,Florida Panthers,,Toronto Maple Leafs,
3/29/23,New York Islanders,,Washington Capitals,
3/30/23,Columbus Blue Jackets,,Boston Bruins,
3/30/23,St. Louis Blues,,Chicago Blackhawks,
3/30/23,Carolina Hurricanes,,Detroit Red Wings,
3/30/23,Los Angeles Kings,,Edmonton Oilers,
3/30/23,Florida Panthers,,Montreal Canadiens,
3/30/23,New York Rangers,,New Jersey Devils,
3/30/23,Philadelphia Flyers,,Ottawa Senators,
3/30/23,Nashville Predators,,Pittsburgh Penguins,
3/30/23,Anaheim Ducks,,Seattle Kraken,
3/30/23,Vegas Golden Knights,,San Jose Sharks,
3/30/23,Washington Capitals,,Tampa Bay Lightning,
3/31/23,Dallas Stars,,Arizona Coyotes,
3/31/23,New York Rangers,,Buffalo Sabres,
3/31/23,Calgary Flames,,Vancouver Canucks,
3/31/23,Detroit Red Wings,,Winnipeg Jets,
4/1/23,San Jose Sharks,,Arizona Coyotes,
4/1/23,Florida Panthers,,Columbus Blue Jackets,
4/1/23,New Jersey Devils,,Chicago Blackhawks,
4/1/23,Dallas Stars,,Colorado Avalanche,
4/1/23,Anaheim Ducks,,Edmonton Oilers,
4/1/23,Carolina Hurricanes,,Montreal Canadiens,
4/1/23,St. Louis Blues,,Nashville Predators,
4/1/23,Toronto Maple Leafs,,Ottawa Senators,
4/1/23,Buffalo Sabres,,Philadelphia Flyers,
4/1/23,Boston Bruins,,Pittsburgh Penguins,
4/1/23,Los Angeles Kings,,Seattle Kraken,
4/1/23,New York Islanders,,Tampa Bay Lightning,
4/1/23,Minnesota Wild,,Vegas Golden Knights,
4/2/23,New York Islanders,,Carolina Hurricanes,
4/2/23,Ottawa Senators,,Columbus Blue Jackets,
4/2/23,Anaheim Ducks,,Calgary Flames,
4/2/23,Philadelphia Flyers,,Pittsburgh Penguins,
4/2/23,Boston Bruins,,St. Louis Blues,
4/2/23,Detroit Red Wings,,Toronto Maple Leafs,
4/2/23,Los Angeles Kings,,Vancouver Canucks,
4/2/23,New Jersey Devils,,Winnipeg Jets,
4/2/23,New York Rangers,,Washington Capitals,
4/3/23,Nashville Predators,,Dallas Stars,
4/3/23,Vegas Golden Knights,,Minnesota Wild,
4/3/23,Arizona Coyotes,,Seattle Kraken,
4/4/23,Ottawa Senators,,Carolina Hurricanes,
4/4/23,Chicago Blackhawks,,Calgary Flames,
4/4/23,Buffalo Sabres,,Florida Panthers,
4/4/23,Edmonton Oilers,,Los Angeles Kings,
4/4/23,Detroit Red Wings,,Montreal Canadiens,
4/4/23,Pittsburgh Penguins,,New Jersey Devils,
4/4/23,Vegas Golden Knights,,Nashville Predators,
4/4/23,Colorado Avalanche,,San Jose Sharks,
4/4/23,Philadelphia Flyers,,St. Louis Blues,
4/4/23,Columbus Blue Jackets,,Toronto Maple Leafs,
4/4/23,Seattle Kraken,,Vancouver Canucks,
4/5/23,Edmonton Oilers,,Anaheim Ducks,
4/5/23,Tampa Bay Lightning,,New York Rangers,
4/5/23,Calgary Flames,,Winnipeg Jets,
4/6/23,Toronto Maple Leafs,,Boston Bruins,
4/6/23,Philadelphia Flyers,,Dallas Stars,
4/6/23,Buffalo Sabres,,Detroit Red Wings,
4/6/23,Ottawa Senators,,Florida Panthers,
4/6/23,Washington Capitals,,Montreal Canadiens,
4/6/23,Columbus Blue Jackets,,New Jersey Devils,
4/6/23,Carolina Hurricanes,,Nashville Predators,
4/6/23,Tampa Bay Lightning,,New York Islanders,
4/6/23,Minnesota Wild,,Pittsburgh Penguins,
4/6/23,Arizona Coyotes,,Seattle Kraken,
4/6/23,Colorado Avalanche,,San Jose Sharks,
4/6/23,New York Rangers,,St. Louis Blues,
4/6/23,Chicago Blackhawks,,Vancouver Canucks,
4/6/23,Los Angeles Kings,,Vegas Golden Knights,
4/8/23,Anaheim Ducks,,Arizona Coyotes,
4/8/23,New Jersey Devils,,Boston Bruins,
4/8/23,Carolina Hurricanes,,Buffalo Sabres,
4/8/23,New York Rangers,,Columbus Blue Jackets,
4/8/23,Vegas Golden Knights,,Dallas Stars,
4/8/23,Pittsburgh Penguins,,Detroit Red Wings,
4/8/23,Colorado Avalanche,,Los Angeles Kings,
4/8/23,St. Louis Blues,,Minnesota Wild,
4/8/23,Philadelphia Flyers,,New York Islanders,
4/8/23,Tampa Bay Lightning,,Ottawa Senators,
4/8/23,Chicago Blackhawks,,Seattle Kraken,
4/8/23,Edmonton Oilers,,San Jose Sharks,
4/8/23,Montreal Canadiens,,Toronto Maple Leafs,
4/8/23,Calgary Flames,,Vancouver Canucks,
4/8/23,Nashville Predators,,Winnipeg Jets,
4/8/23,Florida Panthers,,Washington Capitals,
4/9/23,Colorado Avalanche,,Anaheim Ducks,
4/9/23,Boston Bruins,,Philadelphia Flyers,
4/10/23,Seattle Kraken,,Arizona Coyotes,
4/10/23,Nashville Predators,,Calgary Flames,
4/10/23,Minnesota Wild,,Chicago Blackhawks,
4/10/23,Dallas Stars,,Detroit Red Wings,
4/10/23,Toronto Maple Leafs,,Florida Panthers,
4/10/23,Vancouver Canucks,,Los Angeles Kings,
4/10/23,Buffalo Sabres,,New York Rangers,
4/10/23,Carolina Hurricanes,,Ottawa Senators,
4/10/23,San Jose Sharks,,Winnipeg Jets,
4/10/23,New York Islanders,,Washington Capitals,
4/11/23,Vancouver Canucks,,Anaheim Ducks,
4/11/23,Washington Capitals,,Boston Bruins,
4/11/23,Detroit Red Wings,,Carolina Hurricanes,
4/11/23,Edmonton Oilers,,Colorado Avalanche,
4/11/23,Winnipeg Jets,,Minnesota Wild,
4/11/23,Buffalo Sabres,,New Jersey Devils,
4/11/23,Columbus Blue Jackets,,Philadelphia Flyers,
4/11/23,Chicago Blackhawks,,Pittsburgh Penguins,
4/11/23,Toronto Maple Leafs,,Tampa Bay Lightning,
4/11/23,Seattle Kraken,,Vegas Golden Knights,
4/12/23,San Jose Sharks,,Calgary Flames,
4/12/23,Montreal Canadiens,,New York Islanders,
4/12/23,Dallas Stars,,St. Louis Blues,
4/13/23,Los Angeles Kings,,Anaheim Ducks,
4/13/23,Vancouver Canucks,,Arizona Coyotes,
4/13/23,Ottawa Senators,,Buffalo Sabres,
4/13/23,Pittsburgh Penguins,,Columbus Blue Jackets,
4/13/23,Philadelphia Flyers,,Chicago Blackhawks,
4/13/23,Winnipeg Jets,,Colorado Avalanche,
4/13/23,St. Louis Blues,,Dallas Stars,
4/13/23,San Jose Sharks,,Edmonton Oilers,
4/13/23,Carolina Hurricanes,,Florida Panthers,
4/13/23,Boston Bruins,,Montreal Canadiens,
4/13/23,Minnesota Wild,,Nashville Predators,
4/13/23,Toronto Maple Leafs,,New York Rangers,
4/13/23,Vegas Golden Knights,,Seattle Kraken,
4/13/23,Detroit Red Wings,,Tampa Bay Lightning,
4/13/23,New Jersey Devils,,Washington Capitals,
4/14/23,Buffalo Sabres,,Columbus Blue Jackets,
4/14/23,Colorado Avalanche,,Nashville Predators,